address,balance
r46SUhCzyGE4KwBnKQ6LmDmJcECCqdKy4q,54979349939.0
rsw1ujCSAmmFDc1CpxMnxEhWVP2Z1mo7kN,21200000010.0
rwFaFPW7FSfQdiutvjXdgKaZP9j3rjHa7G,19219215706.0
rJmuEj41K5x8dY5dKkTzszVxCycntEoyYw,3076923082.0
rKvbXkvheYohXkwuwFgeqw5ZVXE8W31tTH,250037602.05
rM9HDVyvrtLtEq8tB5TL5GPBpvpw79Xbba,153846265.0
rK97QScvMbx7KSCSeqWUjMKXtcgM2UMvtD,153846163.0
rfxzpKUSFXEpj6VxTr8EPJGgDxZgGJM6YQ,153846154.0
rBvzF3yALrRfPFAEK6ygZbRsdAriUF9PpD,115384624.0
rHWmH6GjaVWhMoXSuq11juqPWFufmVEteT,76923088.0
r9wsgt9CBhC2R6Sq7YwGfKUM8ojw9EY7j5,76923083.0
rpPmnqpkrQ5hSdUDZ1gWNnbQsQmz9JNvwb,76923080.0
rdnRzVhTX4wHz31RQzLAjRYVqYVMLvSqX,76923079.0
rGwVTJqEcUmdPXrTtJf2d7uR75UfUwhvKM,46153949.0
rHwgVWo7AQPQizCHNQKUYcHajxxH3j9qkg,38461541.0
rJN5fhHUnfpmB2DieVd7in5EQdgV2986q7,38461541.0
rUBpviypUHcpXrTh1SL76dbF7ArsZWVM7,38461540.0
rf1QSqAYDf3rcoKRvEsvcjS5VJUrK4Cvvj,38461539.0
rP7F2sGqXVvBGf68cJiGcePUELfHozD4EZ,38461539.0
ra7oF4GVeFRRQRGjfLh3z3hghMp1RtEtQd,38461538.0
rGiWbbmWzJbF17FEwfSguuwvbPPByomuKT,30769233.0
rGUCLsCDMaLMdBMhLNCS81ToPzWz97o6zv,15384615.0
rh6Ti7FqyTswLSECxS3L9yTpbvnpZjwsa6,15384615.0
rPJQWB7AQp5HG5pkABxKqH1Tfvr7ULfEs,15384615.0
r4MWXRPbp9TZpGmEx3Ytm3ScnojuPUqNuU,15384615.0
rpoKD6Ye3aE31AHWFfxMc2kxx3mjGtah4X,10399999.0
rPAXsJ28qqvDodmNxd7NJKqkvu2Anf1Dib,6000007.0
r4yc85M1hwsegVGZ1pawpZPwj65SVs8PzD,1190192.99949
rPLpK9KKmjYzPQ8Faem7BRwfpQfCe9zrHS,233813.0
r3GBuQxRfNWVyUkydkjNsDn31DTJsqNyme,144306.0
rE9sXBx4TscHKBd67idRJN4AfA4dV1QCHR,129389.99999
rNTuZK66KQfWiwwBucvjXsonf5iD1BQJyH,101453.0
rs1yY1qVJ4ddvPXQs86EYW1HC3QdWu7NFo,95726.0
rMh3gsTKvLEpiucuxdkTybGE6A2tv9CLHE,78919.0
rEHGKt3Wr5JyJhgy2j38Ek27F8NGhQvkfB,77569.0
rLvH7pxCCee7kFJo2Cn6NQy8GS33RHXk3U,72018.0
rwonaUde5Vaa8mqnhqEgA29gcCfrv7qS9p,63859.0
rMm27Xh1JzGL4evVS1ZB1H25JpJapodSL1,62620.0
rJ1mBMhEBKack5uTQvM8vWoAntbufyG9Yn,61492.99922
rfDc49UxDkGm8AibyvrG4z2oSLPDtBF6dX,59559.0
rwmzXrN3Meykp8pBd3Boj1h34k8QGweUaZ,52708.0
r3xFx9iFu6VQ9Bu5GqrPYvarq2QpmyumYw,51000.0
raEWdkdedcQjVbVqsafKnBURQysBggwE5F,50040.0
r9UHYxYbeP29r7hLDg4eWSv85CC2sBL8Sz,46281.0
rh6F27a9XG3fttsdYZ9XsksDZFK4x1qAb1,43493.0
rGVzFTK1H9iNo3C2MDyx6M6K4tfs4PocPA,39721.0
r3iwc3KTjQ1ye6S1RbbctXbLDS5iB2BWX4,37696.0
rpo5tVeCqigav9ZBpmPvYWeSBExSbYAK3c,34802.0
rJNFjZZkEWYBYDGuR95MKh5o6Jzqy7tpWQ,32878.0
rGP9De7X1yVMRKPYzc3SnStUxbUf55QkQq,31805.0
rPWD8aoBvP55T6mPSwxSPC52J2eN14PoHe,31773.1
rfaos4kYK9c3DznjKkXUheEQizfJP5hD9E,30477.0
rLiqoRjzk2ZCjfYpkgDwjvHKTLBu9xCKyk,30346.0
rEc8YknSJ3xoKV6K59AKg3oSxi2tL22neF,29466.0
rsxnmXubBR8U3q7rdx8Z1JQk1hzV4WwZgJ,27918.0
rnN5TcZeiD3XboB27yC13PBCccdJeYksyv,27550.0
rfcZsUJQFCx7vymVZQuGdUoc7vvp4pDXNN,27170.99995
rEpWDLjoZKjsEKzbGT1fv7ZKMoo1qYX34c,27129.0
rKDYJt9gee8dGVadu6kb3vdBVTdiQRbcHP,27057.0
rN4oerWfK6kRqiDvXPWCcHb1MMosgmrrRe,26784.0
r92ThHHvnNr7867tsPj4pohjH3KnyFQdvm,26686.0
rPxVhJD7TmYbBuxfVxbNvB98sBDQSVKUtj,26466.0
rU6mC9d9Sod4VCYQaUPfiXAaHfKfxcuW1d,26113.0
rURCP7Wuh2QR69YTjyF4Yg82ozRiKCY3G7,25637.0
rB4GTBkM4yfR5StaRMJeSj1V9xS61yLrRg,25000.0
rpPJqobqV5eo3nvwZdQJahmDG1Wi4LTNoN,24424.0
rM5b6xrkyZiQUb66a6vPqBAGveEP3rqZ23,24105.0
rM1NxtRXYU8g82yk26dMSzQwEVEwNW6npc,23402.0
rK1BB78XRxJzZzSZRXmWhhnUoWTLGvj32M,22811.1
rHEoZ2RDD8EmZUhCuPN5XS3FN4qJDC3imZ,22644.0
rDTnknxR9ZQPYTWv9Ue3K3XJx3aQVkj2oK,21275.0
rUCSd4vhnpjrVje2T2pa8EDyX1duW15HJr,20394.0
rhRCkQjPf14DyszYXKtUXYYVxBjWutL6GA,20251.0
r9vULW9zhp3FTpVzwKCit3v2fvFN5eSoJo,20032.0
rMKPxHRYJtjCU4czP3XeWKQUcS57mLwaqa,19774.0
rNo2vs2PzdFdvPe6jspahzWeuMoqTCBSgJ,19147.0
r42KeeszWPADShxD1ymn8SyHSrty8R1t6f,18727.0
rP9iAsy9B4NSMANnEzxRuxjBCfTseeHDen,17350.0
rGQNJqJgLs2RdVVFGz5wq1a4SCdfZt1hi4,17249.0
rMPRhiuQDKLeKzTF2A4oVuQEa4JPpPN3ws,15955.0
rNyYEwGvNUP66qResZ2ugXgCrHa942b1df,14548.0
rMoWUGrfCA3XSWptygyzdWuoGjcrQpNDaL,13555.0
rPmVnsbam21NH83noMFJokgua7ULNA1b9E,13535.0
rsLT7A7ujjvJ5akHthg3d962XAXtgLX6cp,13350.0
rH35dmTNoxaPf1xCq7EtnvKa51VLbh6YhG,13067.0
rwGFgV2fc3xEpt6BfYksz6ib12tE5bi5Yk,13045.0
rK4PbgZLeD4ev6tU21smUbtjCoCceaw3zh,12677.0
rL6SJNvmusW6tmfWCHKP6VRfBA9t4MGtxs,12410.0
rUMGsbk3tDCo6EsqSNpfVBDucrBMbyhdAN,11856.0
rUc4p9fqRSu9ar9e42VECR3ScnUPKJxbSp,11650.0
rfUyZacxdLhQGfDxGw7d32C1UWyGhnYiwU,11617.0
rpYtAmS3SzLNdTseZCbQekVnPcAHQec6k7,11056.0
r3UHe45BzAVB3ENd21X9LeQngr4ofRJo5n,11022.00016
r4jHvTGrTMvqc8ZMq1keEZdcZqwJtU8XQo,10970.0
rEXRsk69K6obLMFid3u7HHL6ausGhCo7QQ,10721.0
rUVbcDdnAdWXuHkeHihfGweXjVNovraEeu,10718.00005
rP9pHreQxprisy6Bh4Amrewf14FTwRBnp9,9663.0
rNLuNr95cecMC6tPbsR6RhmHeNsxH3LMJx,9659.0
rp4UGXQDPhqeZvgxYX9fvnZZ2fZFhWArA3,9463.0
rBiCnUhWvnC1J1qbw9FUjqoR8PtSFvwsXN,9395.0
rNifKWgebxLL7EajBjEFrZtdHBBDR2zs73,9272.0
rJoZkz9GBW8z7nx8dXFp4ffDWeduPehSEQ,9186.0
rJ88gxTayzCXpsbYLU5CLgzCYwPVBLDSJh,9179.0
rEjJDRt3W654nFMzYRyypRGoqzj2L9VHR,9047.0
rH31QeibuaCR8EWVPooeFPVKtrS8BFXCnV,8765.0
rf9MCNBb8z3stPUyJCSQ8tXRLPhy5pDQNu,8468.0
rHixC3eV2QJ7VgThfzVSd6UMYLP2bgL47T,8419.0
rBtY9mJ7e2sip7H7j7gVBSid7o2me4XE2n,8352.0
rKcW9XBvLLpwLZBhe6Piv7pmgVKmNiHBB4,8180.0
rKdi8PxBQvpUYUwhoZ43VCDJxEXHjZREmy,7813.0
rfPZ9TUgaZSZjSqkzLHPXm1pdubbFkc1Gm,7743.0
rsq3KL77nz2GVseX8PJrJvqY6SU1jkFv7j,7671.0
rsAHnim9EVadPREiWw4BGreEV6NHrTx4f8,7432.0
r9j66pcDQDJanp6jR1zUnzFr7EWPfensnN,7414.0
rM5wotZiM3ipVsXfP5hZ6KuviLXDKat5Lh,7291.0
rMmzQYUYP5BVafoMF588SqS9dK4PskVdGL,7034.0
rPjHphcbxc46nWriPUeJLn39FDYt2nQQug,6913.0
rBnv5MUmvPSDinaeErXHkytommR1oQgbLj,6893.0
r3DLQS4SDwsxNFYaMsV85c77L9BhZSm8wM,6642.0
rLthUK61BRo79rQ8mDHWUhfWZJ6uCWo3mz,6519.0
rMon59T2cjficYKPjbM3aZ3L7xRUczB3C2,6199.0
rhCEb3y3Dg2o8Bwfeq5mwP1artBvn9BmKb,5965.0
rBrdyJqce9kHpjrTh9pU1PJSYL8Jj2qGDt,5955.0
rDx9EFG3yhfx7NsqkZvsbvjPt16TM4TnsE,5624.0
rMwm9MZB5QGP74hKMzVou7oYsdhkC37pne,5387.0
rhTg9SFAN3EWCEa9bf4VavozPXiqUxdNzo,5220.0
rDERiuCqPtSUyLfTmh3WRCg968otZc96XW,5131.0
rGyYdZqeYNmAZw3ZseAN1voHdheoNvkfcR,5020.0
rptdGVY5ubhu2Dxb9D3DCFzYJmwJx54QDC,4970.0
rPJ8WVqeWr6MgQFaNmiGQszD96TiC69Mpe,4898.0
rJUYompGetiVrHvKsNxR6HTVjYtX71mjfA,4725.000001
rfpXfmBjPwrb8NSTSdvZrX6GNpbTkxot9V,4658.0
rG5gtetEFHGLVRRXpS6JBMj5xcsu1bfpq6,4637.0
rh5ih2fM8qHmKW8hfZCgt81mEByB86zztJ,4497.0
rLKexxkFSFqaiUd9qAVCFugLGB49MAhsEx,4430.0
rNzQTDxcUSv1UQUzWQ3c9SK9BbCJJ5BZws,4376.0
rJBoaCyuLWYLDUCNaFUar9gBPQdgL3cexB,4329.0
rNRphrdarppkWsde6DnBZJSj99bUHiAg8y,4310.0
r2ez3J4zHMzodASnYi71G8n1tRtDqmc6P,4303.0
rD3nfkcZMFNuDYdYfUvsJx4MV8qxFyvgnZ,4115.0
rDhwDwkLvLjuUpsuFTA2xKiVyoBXTMxoWt,4037.0
r3Chwcu9rvkrKcvpeffeD7V9Vz6QrRDTDx,3980.0
rMf8y4tax7NnNdavnzvx91Q2o6mxdqZ87M,3964.0
rGqKEsodrLdJrUb1jdMDw58ocPQhX53Ynh,3781.0
raCv88Bfe4G1FrWfPiabUSRV4Xbq4CP9NB,3749.0
rEiApTnbWAPBGpD7sLQJHmfETDvfdKLZhx,3741.0
rMwTmVZabFpX2XEYWECgbvxydrPXdYKKXf,3689.0
raTccR7WFLzazU8tU78EHWKuyT7MGYcpKQ,3557.0
ra8nA9o4DQ9eS8cW7VBUZRuFWLALm3XTiF,3489.0
rE862yaAgq33px8cMDjAnum74bFPhvCRU7,3444.50014
rKEDEbkYEZPXJxGa1bU142162d7fGwek5E,3194.0
rJCCCb3LrieLPapGwNMiQ4MjF3EqkbuqKe,3113.0
rwYv3X7d35wwX1nxNtmoCP6djrtrquQSa3,2978.0
rPcqS2EekYW7G86ZVbwkRm3LJmYMbhiB9C,2879.0
r3bpfsjJBemYNNXcekmqxkHoEMUMDzuMoS,2805.0
rKZDcpzRE5hxPUvTQ9S3y2aLBUUTECr1vN,2771.0
rUDo621zXRhRbTjR5VQwbrtdKiekegsSpf,2754.0
rKqw7VDmwBMbRTutwkAajUmHFEUTrnEGMv,2730.0
rU8GvKvzSVx8aenYUuntF3LB7FMtSwGxha,2721.0
rEqUCjiWU288ed5UmP86B8UxWGDtrjWgKz,2685.0
rGvKLYv7b4VKotF6SpaqKaBs46oBhTk93o,2684.0
rf2r6EPTUDd9MiJhzB1CgG62cNarrtxfbt,2651.0
rBcJALoqqngzarKTp78wJEtUCCGMzKQvno,2650.0
r9Xv6FCYMNxZmqUvSDu9JWHCnHKdV28jxJ,2500.0
rwcqvnAPnotfvE9eY9Ex3cDSdtfCctcT7k,2451.0
rnWYKJwSEfUcQJUJTJ9P1SxcZ4YgCXBMwq,2358.0
rEGG6p84QDPusfkyrJZHDZzbCWm569nDVj,2339.0
rpBBkvBviTQNKZeEQGfGnvKDEXbAqxHNJp,2199.0
r3UNpgYPMiBiN1ui8hnFq47zxEaXxM4QdL,2140.0
rEZ4WZzYULnPcQYstUDLnhbu9uAT6xYiqH,2092.0
rM6u5wCMvWa3EoJ96cpKpuUEtxFajTbR6J,2059.0
rPqNSMRZKzYq6Zfa65bJ4Cy1CxMHHCKYmf,2043.0
rw5Jupi39HWQSw8GWXoRsp6T67jmsz3BhL,2008.0
rPWgMdrN73i8Mp4vm3Xqrbgr8iQW8vaChx,1981.0
r34McpfSWUXHJbMAAc6vCsi4y6dDs2A1yW,1944.0
rMw9dMFV3KjZ6zcr9Tm92WaQzGQA1etzbJ,1894.0
rkHyJs8avc6UEjSuSH1xZwTAKUYZYVBQH,1893.0
rE4aHgW2ufEaZLge2C4eGWmuSCidwdZfYs,1868.0
rawa9YEeGHP1Fxi7aypkzYCaSJVURx87VY,1868.0
rMaeLMCdW2QzApUoct2Sbhh83rkooDBzHL,1814.0
rn1oHPcFUXAkpyFiWUtGG2xcotbCNnhXHX,1743.0
rBKmU3LEBFqKTUm4brYFGdXukGg6V1kr62,1718.0
rN9wdLv98Rj4qeZ8BEw2KiXWDGgNKnQKpg,1698.0
rPxVdAk59E8zYdfLLroMvPx8HcwGZ9h1Pc,1678.0
rsGL6BvWSn2MEDeQzdRquw3AKdENPGpoBv,1654.0
rLkkhCcoD5bg7MajYmkufR1nM6XviMkyg6,1628.0
rDo21Twabaz6xxFUs3uxD1NkGYZ9VorgVv,1580.0
rhDrsRh8kfdRBCqxLoTzBapmYyURVN3P4y,1536.0
rLyfi9y73FzsJmxHbx5rzfGvJreeywRqqq,1517.0
rJhtHkiBG2maKX8jbtDzJoiz1CcVbQa5nv,1516.0
rnhGL9UN5FmqUHFKRUpgKBPU1cdejU8UvB,1493.0
rwDB419ZWWP57UbAuYrT1jNGbN7avuEtvY,1368.0
rNgH1RL1n7GGfQRKiQMVNxbLAwZkYByNk3,1366.0
rHiq9AtPXZi1nLvCgVLV3CXvCXcHQwBXFC,1365.0
rBB31gcshjaqe9p4zBRKrHW2zBLBuder45,1348.0
r3LQoUkwjaoTkYncvNDZgFrMcWjNtDkTxs,1327.0
rU4NYg3GzQTMgNWKETkVMasgP6S3kyVuDd,1295.0
rhAiY7AB15XJqCuMe77jB1FBiTAdjWvfme,1232.0
rPtEztLYuzMWQb5XLcTsRthfTUy8XsHNz2,1201.0
rDmYcygdhYWyXo1WXYPy8xFnKXa1bJT37H,1195.0
rPFcQddeSxHDE4txttCXrAy9Lqqs7V5F2f,1127.0
r93qrj9JUSJq9GvcRvt9DXkEYKzJPmUKq,1120.0
r46xY4YLf88bhwBgiuwE2c1EAeM1oRLmYx,1093.0
rUgPwUS5gMdtXxcr9ZRF2caj8QDRbFmh4r,1088.0
rsiWNney8tA7XnEr6e5RhV6CtSZeqozJhS,1083.0
rnbpmXbqDdn616Kjz3c5SKDW3hB6x7GgT3,1080.0
r3wbHSsopWDPQ85VAorEe3aTBXhRpKad9q,1044.0
rPtx1LTMcSEPNYSyf5q3euBzryG8NWhivy,1025.0
rNXXjaxazrqKmBePK5L84WwWik2W9EbZdy,1017.0
r3v18Si7wu3vxTitbFCWCGhQzA3pcR9Ssx,1008.00000001
rpgh44m1ACbpXK8qRdgEXXqWgWrcGkT48r,1001.0
rHZKXmpX9AdJq4hEP1pTYuq1C2oqshNPjw,997.0
rMnvmSoJHaA6ucCgSHfCxcoWxSwdGqVvVh,991.0
rE9sWooUVueYnjpVSvS2LoWXh9vFk5TDQU,979.0
rha8vwcK3T3mfguB3cfERAPtuv9im7e717,978.0
rnAM52wCEdk2CkrQjFAUjUbrkK8NqqbarA,972.50075999
r3dvvqtGr4ZQqi8dvUNmeVRYhi87yHU8hB,966.0
r3Y7PkA73ofc3vFGxSSgWzLsxgUgmC6pUp,965.0
rsBnrGPxGU3VX6aRCy3fU1hkUyXuFgejCK,963.0
rpgSzQwBK5BnmC4MNtXRZniUopaqPgTagM,958.0
raZAdAdAnj2QAwPTbGyFrTaf1kDq4kxPB7,957.0
rwZYpK8u3QfQAn4WtHuZ2afhiNFhXd6Ueq,949.0
rJGB6YNKCYYb3hVhh7ReD52RmV88aAbpXt,949.0
rJ6GA2Xct9DRqyWdDXoc7CSymNBysWQ2Ji,948.0
rHeZZ76CVQjxaSGE71PvrEeaoTY6iXcygb,946.0
rhnQ7T32J8AJYP3Te5bk8i66RQVobTTHYF,937.0
r9JGytGqzHfyP7ijtSH9i31HfXWzGrznmb,936.0
raSF6HcEFLXEruLsvqA9qobGbYTJdcUuzS,926.0
rLJNUkQJkRnVuydeKMVnSygexAEg8aHSwv,922.0
rE3Q7AEGkqVZUsdHv9eK46RHNcjhCjDSej,914.0
rPtaEoQwBR886MALkbdfTzV2dJ6qFNSUne,907.0
rGMFQBaVD3GAqtWZ9ubHTgEi5URQhiHYJX,889.0
rBhmA4HsQLDxLSh37faY7mvrKQQwXuy3X3,883.0
rw3z6mUmXBDdyPYhguv1ywZ4T5sSxSTRFQ,863.0
rNMPHGDVJzuAzjx7jjgLa1GA8TCYqqK2oC,845.0
rao4X8Lwf6LYD1ZzvTaovccw7D64s2qLcT,834.0
rGbLCtJ1u2Nfbd5N1fVKw2F9pxyqCAe6fi,819.0
rKxMzCtJofzya1EHdt4rGrFUU7gNzrnDET,788.0
r3KMKi7CCBrBbZ2h7sCtwpdH2egoez6Psx,785.999999
r4CKDX2U9XvB3L7g4TC2UD9yMp2oX9fbsa,780.0
rp1otEGetyVky9vVXKzA1jsp92qAhTkRXc,778.0
ra4X7uzBqpJ1eWE7BzgMvQP8eTDfoTVe42,776.0
r9u6Vc8aN6S2mYzKZbkvNHfh6aAk7krqEC,775.0
rfpJwRWr4igNkT5kH4J7yX1ZFqDKMyKh6D,770.0
r4Eo3VJTrKBdpzF48va3f73Fh1vhA6Xg71,768.0
rp7uVFXKqnaPPef1mKUWTE4MWX64Y9Vsq4,765.0
rEZbwn5DY1zcwSBqRSWgJtMXHdCZJ2Awf1,763.0
rakDvKrbmE3n6f1i5LAEkoX5GKTGhY7AVX,743.0
rwL1B7yH4Fz6izAm6Fmps3chubwJzwRFrR,697.0
r4f5Q9sq41c9Q4uRhDPKvt3d3rxGvR5mky,684.0
r9J9h712tkAp368aJetEFRTY976iQuUR1t,674.0
rMSwiG418jaa6SXzs77QxuGxS27rRcE9o9,664.0
rUiDvH9SEZrsdJrJHDEVm4rCNJTwH64Uod,658.0
rss2NXYdEZaCdrseA9MdEc2AnMUgkq79Ws,651.0
rPZEo1XccihasZS7UjNMZHkPMEs2VqznaX,637.0
rwcWTCpwpViRiEowvGDDg4ZXenFBW1E3mm,627.0
raa5BbNs2wyFrbHWnCKDfEGh1xVjkQnw3C,626.0
rhVt4QKyscDgSDeHKvFsoHL7or1yaZhuEB,610.0
rU3zN7y2FR6KgUYKEVjtid5uLLCH335tJG,603.0
rMnP7qCP3JDNzdWZo2pLZsLDkm31eegyiJ,591.0
rKWE6MK8Wtd7rmPohb4wpueKs7TuTuEsmU,587.0
rJzZLYK6JTg9NG1UA8g3D6fnJwd6vh3N4u,578.0
r8F7PfiLdRyUZZKvRLqK9SW5WwdjoxvKW,498.0
rEzcQ98XGS5oqxTr4SYjs9mKKihg3VqaC6,497.0
rPBFzDr4vpw3KZnRJ2oVWpUDSbKe1q8KqL,496.0
r3fnxvvmcRMZwLmSWF48TUhfZYjDZ9w1a3,481.0
rwtn2YToAnPkonhHj5t9KJJpHynpG4n38k,479.0
rG53tnTNorYidy3jJvPtpbAyN3JvJVwSnq,467.0
rJEYrLSaAuGDd5mGaSwDYNsaAQaLsmHJvb,461.0
rhtfraZTAMHrDqbnEG1j7QDMiU3t4d7N3E,460.0
rPqR7dPyEMjtipzfkERF7vCKhdcstqohoo,458.0
rsT8BsYT8W1zb4YdkMGN9ECL7YdBf68pr8,457.0
rfsjykXiiniMxNeLrfP5vLNWcNHVdVNALB,445.0
rpPm37ML3rqwaaXa6v1MohTf365eraDALk,444.0
r33ontHeMmCLDs5C7dC6HTamEyzjTnnLVb,434.0
rw7hGBMCfaacQH78ZBQcMAy9uPqx9XUXtL,417.0
rN4DqUeqEz65R6KuoMRGknX9mK1gGZwfCY,417.0
rBwDxw8fVxz1FEqa8F8iFyXZF8L29mB6Rp,414.0
rUPCmCtfCjq6EBR3Hi4vTmgDkGdNKM6Dgo,395.0
r3MThbQodhtAdyw4rWbgoB7gKAFLydxVNz,388.0
rPD1f71G91ZrM8KuvYmjY8xnqnVMSycdjq,382.0
rDet3uuhK52WyiYDfvK8TiUsFsR68U5y6j,325.0
r4bRZe3ovQhN47EFQvrFasA1udVUqfbGMv,300.0
rPZhn2dm1nXAFWZUoxPeyPRB5NzHYpu4d5,290.0
rhygVZG8nmekTmiDNKWmy28Pe4vrtQxSy2,280.0
rpb7dex8DMLRXunDcTbbQeteCCYcyo9uSd,278.0
rhvEE5X56VbZjBfzL4SFEMCyHFZaqrzwnU,272.0
rUcYbYeCS8BpFRS4yJnoS9rsRJVV8g7aD8,247.0
r3EvriYnB1xnXnpECDcMsLuUEj6MP8MTEC,246.0
rpP6NRAckR5uYwzv5n8ZTDrPUG7CpxH3zR,206.0
rh4dbTJZchsqkw5eeVyFVRHkrjEyyTy1rN,200.0
r3ZNtSfzdcTLd1WD7rrTMbnBT1u3ttqabd,200.0
rs3t6pknbtCN9QgEFY2Yg9eW6Qj8wHi2LP,184.00024
rLPRD15JQGyWp4qnhWx9fAGhUYGEfsCWrM,172.0
rftsc3CwhK3pSqv9tbvaNJNS4MuU5hED9N,169.0
r92G7QuAtQavVv6miSCbVzpGeByewXfgHT,168.0
rnGZSTW3L36KKvq2oP2729BBHKXd7HMuV5,163.0
rpRrPpRm7YR2qaXguRADyrhfppSNtGek2w,161.0
rspyoq3PeSbhTBbUV26wQ3QbWcLqQ7pWYj,160.0
rffA6m4WGoDSJgDAQXkaQd8cpUsmwtksVR,159.0
rnqZkQS86AE1xmEsaVA8jfwjyzoyhas9am,156.0
rU2jrsqHjZG5oowCAxqH3uV7Pz573j6hob,149.0
rpSg23pT9qdv1aqtXQTguhbkKRTatZuKYC,149.0
rJmnndsfmMmKAeiPK79xLddYSJaaznz2sN,148.0
rGLeCgtyAknPeATietHS9XzrnrhyjWY6sE,138.0
rfohJjbgDGm9yfkJrtP4t2eo2nEe83rz2P,136.0
rpAyngd4T5W6rDWPHLTLswCRLgUSwxybPH,135.0
rB1L8z6LnE7tjf5jBA3zYXpm61tUy5BBf4,134.0
rJpvGcPTEnQp8noi2QfX7tnWrLiSXVSLFa,133.0
rwMNmwZCZFpNN8AiAmdC6Doc3FQmaTCBzX,132.0
rfMLbiTVYtXPVuC4Xw4c9Schp7Rpp9BYde,131.0
rzvRcVrjCgVMo17r98WYhHKEdFCjiL1yJ,125.0
rLNq2kN49h7oCJHbsoJJdbUmUnqpE4zWYg,120.0
rGUeqhrX4FfNnDgsFS8bEQWdHPCEjXsPb5,117.0
rUrYqup2P1j6yVqTP1iwXUqgVRUtxyfX2c,116.0
rhnMbQEw69b6MroZYNKvkwEZnazLAMoi14,110.0
rBtgqUjdHuJFHofjxckruDgriWAsg8wFqC,110.0
rG6B1x99JaxrDLJJKQBCrfrvorcTa4pw2a,109.0
rDxvgdELoLfTjZtfs7DHbeeHqJLexZXUaA,109.0
rJKFMtGiogHq2mn8F8u1uEePBVohUNJ657,109.0
rUaUJmgtvS2fjFCwjFZXUsikhcBuGE23FN,108.0
rfwVeUqaTNCR41qPVvQKxAkuLb58bjP8Ns,108.0
rwPPEjop3n1z3dSNf7SyYVJDFgaxNBjt9k,107.0
rKodzfaQMbqkVHJvL957BmaTYTuwBp1aN,105.0
r3woyWTvEQ2dFRCCAMeosfn6AjMx3bhN8E,105.0
rLyyNwytvPd1ixkHgsnT82qH8PT4hEMH77,103.0
rpG6LuroYZJEELCTgDDdXN4okRabQjo7GR,103.0
rMmcYwr3Qi3SV6R2g1igHj3H6nRYbX2c8y,100.8
rfwU9SCkwSZPEPe7keBoD2yRKxiviDWfeM,100.0
rEwAERqP5Y77a8hDj2dwV8RmEUd5KLiQgj,100.0
r9f17iA27WsS7mTm8mg86MHYtWBL5KLoaz,100.0
rJHy4iyWtb89RskdfExmcsEWz47QVdtoyv,100.0
rGdMRJBij9s6m5eGpfKexpZaqc4XgcUzdy,100.0
rDmVsaMQxSTvXWUMF71f89MKzRgkzZtFwy,100.0
rEUq2ryWPmZVfrv3FDSgVu9z34DYL95ucw,99.0
rw2phm8oi5VzrK38BQUrpksdEHRgHe5tvb,99.0
rK1U7oPKE6oA2Fsd6wXyeBFnMEGWBzgdjo,99.0
rffS7cFvC8BexbM88mwHy3KmmJoNrJ8a3i,98.0
rBsL5nFkNoY4prLVcnWndfTq1a1xMxuwxe,98.0
rGLaUqzjWBinmtC4XG4DMfk1foiu456LDY,98.0
rDYq5k6jgViGzk6LqHPTdVnqfCEXzR2DF5,98.0
rsQw8QTEEJsqmq6eNCxjSjzoFq62i3mav5,97.0
rDSB9kqXtdV938ZokUPeftbijFtq5MLSzY,95.0
r3tQTvDjRgacm7zmV5gtVPUYZpAsJshZpL,95.0
rGsXPTxpSnd5C5qr5N3QuR5uWmxCEdm4jK,95.0
rBYPoiFLttpmf88i5XagZFUsmBSvYYez3g,95.0
rDoBUyyQNAFTtLug89znJCALZrN5hSCZb5,95.0
rBdvmYLAJGoBDSePPmzLDih16o5aKMumyq,94.0
rLjzsUWaygvGw2izm2C9vmsSYLS8DjsSht,92.0
rUi5wyd2NprndrJEAumxQkRSABwovkMczp,92.0
rKxEpWMj8fvWop4Dtsabkm5dSAVK6joUGs,92.0
rGWSTsQg4VLMVNmgQjpE4QBUJxCzCUwyaT,92.0
rnroJEvZeMpjcHtMTP18cYgzeu9Nr3MogL,92.0
rGi9GZsT2UVxsZmNmvByq31FNii5HpXxuW,92.0
r3AXjzREMjVfgE8gV4dJ4b9sgaBpn2GXuk,92.0
rJdqTMuTtLZgY8ASzqt4asWwqMJffEfKhF,91.0
rDRg6oUusMNJvaT7eNfTqH7wfyjQxYz5bR,91.0
r9TxBkZwr4N53wgUt4NNjFRWdfmNaiL7v6,91.0
rn1beCH6hMCyu5yVS6gyHwHSgcoa194SWu,90.0
rUrJ4SuYidWo9UJuAouiMSqbYcdJR9LjC2,90.0
r99b11T88MAjrYpPwwRkjigsdtbXkVfbK4,90.0
rKij4vbizs7h8NxxfeSDjU5qYaq4B6b4Dr,90.0
ragVbnP5ZNtFeTyWfwYkNUqeVzjgeaHjyc,90.0
rMkqDxXFM4C4fHQrAzuCP4bNGfsGjwKQ52,90.0
rNp8kdsiXjHC42Ws754bjbut1eLEqbWcHY,90.0
rMYS4zDphMQRoaxXNC7VBv9EcueghLYKz5,89.0
rPL9eCYhTRpfZEqc8mqKfw3hoBA6WjE3iD,89.0
rPHjR92TdFCwi6mTM6zUtYTiqToHJztMHh,89.0
rEnMnSpkQZNWhzCtcX8UuJzDLoHs6zFcWf,88.0
rDP9zxY9uamyrwRsJy8QpwjSQ1BDrUJdsq,88.0
rBqWv88Ek7Cz7FxBUxJoc9dpiDEkWVuMC,88.0
rUJXWRGsSXfU85EphTxAKZL1pFoupUmbNE,88.0
r9oDvrTpieAJfX73TrVLNSHx1hipzUFeX7,88.0
rKLkHaVfcsQdGVFnHo9wKZLdQSRHZ1ZJQT,87.0
rKpyxTQ1GdH3ukR4gYBhhPniVdk5sbBNJp,87.0
rQD38yDYkmR27f8yGVZy1kiNJyNg8HTKNw,87.0
rao7y1nJdpFSbM4SUMD3d1DL8k2q49AN7f,87.0
rfVRTU48tqVsKETsxJbE9J9nhsCdxKnvaf,87.0
rf6RnzvxKZwBYB2GG2J8fgmJ9iwC5U34v3,87.0
rsRpSBQYpnC1h4fa2FF9CTFThWKVB9Pr1E,87.0
rMXiz8UHzSAed6K9ny4J4DMWUHGarPtju9,86.0
rhMpN8NkCYT2f61CRrV1icDgpC1eir71ND,86.0
rBUipgSUmRpRjWJatZXcqYtBeotqtHtJE5,86.0
rDRJu1iW6tb9H2diNEiL5TAY8C3LmGvu4K,85.0
rGFCrGvRCC1f1XoNH5m2yZDmXn65L89QKe,85.0
rJcii2PEu2AeJZBmViu1Nz7qMGwk9ui5HF,85.0
r3BboLvGGtg1PSboEmED7UqAuHESLFuzX9,85.0
r96tanxipNuUeWTcFJWobuHM4KtZvDUHhr,85.0
rwDKQRgptDpw1TmH2h8T7zggFxnQFYDvaN,85.0
rUZKpGBHPL2y7pi9mwzbWuK5U5oqMbnG9R,85.0
r9hbdSKEeq86nihCkh6o8RX8MoepoBKgT2,85.0
rBGau2fJszNyYZ6HkbDgGTNUYBbwLiRsXM,85.0
rLEjsGDwEp75paNHTz2Hj1Zmj9kFFEyHyN,84.0
ramW86ppJJDruedK5st5YMkNc8neoEFNR5,84.0
rEqP9YmwX6NER32DH6rRmaQVP88pPbLrqS,84.0
rhq5K9WL4E7y1BVuJnGAdhihz85hu34iDs,84.0
raQUR43WNxmP6cmZNuN7y1QfWiVQXFyc1x,84.0
rUgZsMNbFLVFJCj1d3ZGrzNhEN7j3auXPH,83.0
rU7mfdQ9uFb9xyTcfY2cWpHHeLSh5ZdXFs,83.0
rsUtV1ewjZkRdcGpRiT8wrxjjYibpWvfag,82.0
rJUDXc2PUZkb37pUZsUrGgsdcTdpkcXaPP,82.0
rfpssNAyg2nN6BZhWmZiB1uforsb6BGQNL,82.0
r4iT4pN5aVg7rH7Sry62jEdWkoxhCCwtPj,80.0
rpmxbVrY6tgKhYava7vbvmuaLGpSC856fo,80.0
rNBjaLQe6TeTFXCvmo5upMU9GhhTyJomnQ,80.0
rab7f4uwsL9KMZHj3xTcttR64T92pSQ1mF,80.0
rGpqjSprFgutvbEGYGZarMpLWzEf6gkaWq,79.0
r4igRT84t5xXBNbYQQhAS6orfwtNDZX3hM,79.0
rh8vARAUUqti5k4zLgEqtdZAfKM7KKGmpb,79.0
rLuKBtkm28YBXf6mvZ4isTidLcUFfufrEw,79.0
rhZkCkFn6Wwu9uX84cdTqFjXju7SAHgtAy,79.0
rGaL61AtPfY68pmzbmkqR6EYpUDTs8uQ6A,78.0
rXMycuHeJKyWFqDCkJqAUJTi1GR64AWhy,78.0
rU3icf3Hbv8Scre4ZEr9xiYPY5wf6Kj46z,78.0
rnQwF6SmvBzVtSuGceXFP6HwJftXxmZCQo,77.0
rG6rGqRGkmKgMgK55zuzKByfdRrxfh5DxD,77.0
rM7LAvmBauyVGB9WgTW1DwDAUb8tfbCRyz,77.0
rEvFu75Z4n68fnLiKAips4CKgxPpbaniJE,77.0
rfpMHEEKQoTwjJrPVbwJnK4HhsumaaEE1V,76.0
rGC8ktyKjxSeBtZLWYf3rnmUYrUCaZWky1,75.0
rZrYpnsN1Ts9ax9VzSCvm2nNpL3vBgVk5,74.0
rD7xTGTxBczdFQPeLCpqeMhhgg5rhut5c2,74.0
rM8E2JY8MjSS2EszAEwPifcHuV2NQkw8Wy,73.0
rpqAPPdPQK8PjJg9QJPT6Y5n9x8aYbg964,72.0
rh9rheKPnWcK3nn2PHotLVP28JDnif3wrs,72.0
rfTzRJksdetKLSMzUaRxbcAQUxqGskKk8t,72.0
rfjtQ9f51qqZBCL21CQjNxEMgAKpgQHRne,72.0
rnCfomc5siwjmdnNTbQkbAndpAmqYLdSCY,71.0
rnQR6PvaTUEaXqAUcwuACmKJdfGgSJHF97,71.0
rnjUEr3NR78X5VbFqXaswmzGsYAPcS1Sih,70.0
rwhHjd9ZizYqaUXQ4ExCYBZSAg6kxiWoge,70.0
rJfzgDNKNLtbYJs6u5U1ChE4D89MXHSGQB,70.0
r3thcBv6BKh8aNeYqweq8FfvhSFoCP4RQb,70.0
rPtmJ4ybTn7wyqLJB7Cpsqbx7juMiJTfDk,70.0
r4Hg3Uu6EWHzHFM79EaoqNhEevS9iHxFsS,69.0
rHUGdEtrKZq4o7N69LcLZKPSW4n9MkFY7e,69.0
rKQMW7NyzWTPHZv6JgW764P7pa9S323axM,69.0
rD9K6SzPp5Qgde1JYPCHsnUbKGGPVTJ8sy,69.0
r4RuXRw7UchavfXxq8EZHJeAW5nhWVqEDo,68.0
rheULPJCk5mx57FkEATgD4yZEuXJ5Z4qqn,68.0
rPViFAoyvUffviq4Hir8kaVvb96aASBxU1,68.0
r3vRz6HRAFgtiiwheEWaTxDHAegM1ewCa,68.0
rHnMDdGgmQDUusYHiEwYLLcQRRzAxpgMtD,67.0
rfKHGjLRP9iJDAkjbJFigQ1Wos2bJeUFGQ,67.0
rMBNkrtXBYnWUBcCMpYbK3gTjeQxXnwcxN,67.0
rhYngbxJ6BmaSYnVHF7uzui9hYajgEK4ik,67.0
rh2LKtj2fFaNkaJ7VbW3YBs4JugxKPepwu,66.0
rJe5Vte5cJyLiYhKsGRCEk5wzYPzBTLXLp,66.0
rnrsHvMFMDPFwhLkYKpuZnMqu8o6Rdybg3,65.0
rheEabPVp8DQjnQ9JiqQwC6qtJ2fLeTFTf,65.0
raGaT6ysExMMtomZdJG1R1mKZjWY5J7ir9,65.0
rMnjtz5DagdoSdgqEiSPryMGZQECbN7ryk,65.0
rs6zgXUqKwob86kssTS4zZxTfCpAoEPdUH,65.0
rY6gtow5XUw5uN6PtFMucibQfdLdEPK8B,65.0
rpm8xSqjwDbARYkNWJzhsii3s6g3cPQLuh,64.0
rMZK3xtLWg3qBcH9wec9ZAU7VKRXqCQxK8,64.0
rNwMwd6dEmuha9si37RB4QhhmodwkUSXkd,62.0
rLuXwAKM3AQzdadFqHYZj95NVSEi7BaN6X,62.0
rLae2GH1zEyLcRSqz6cYxVXfVJ2YHCrBPR,61.0
rB8XM1BM6fc1miemPLjyd7sHNPvWhXVSG3,60.0
rDsYoJshuTiPowV9HDnWaUhGg5PSuQ6BHJ,60.0
r9ZBrRvq3Sj6hryW1BCf8F5waRwAeSDcWA,60.0
rpT9feHaCP8KwQX6dsRj9ogc1fAeYyVzkK,60.0
rMDA1SnTqrpi8Q36UbEU9cxs4DNjx3BATU,60.0
rBbN325beSG3hiqyTJ9hgS3m9vabgq3JzF,60.0
rBBKvrzGsVEwsr5VV2rPKnfTUBPs7oumL2,60.0
rHfGVZRQELnMNGiqUgqMMRckiAfa64WNZ7,60.0
rsbMvvnebPKk8TVQeAdExMv7mMvGaLq3eL,59.0
rJJNHNVghMfFi2Xdd7sBSgYaAbcTwP913g,59.0
rhyuoM8tHr3pz3YsfsvM3FHb2cYah2ror8,59.0
rNf6wie9H75FJLfFRNYzjX2YJJBjVSXFnk,59.0
r4xc3GsbG3GqaxVfMZzPMzgRWYQ5yUtnZw,59.0
rN4GGn1Bi7t1YfqUjyA1M2mLGwN2sSsVLL,57.0
rHbyWxJN95RJNLsaSFcDNBrENih2GT6zQ9,56.0
raiqZhzPdL69RZKfBuL4g5FEuVNBYx8NWZ,56.0
rMEQBmJZ8e6fFGsPpqbhGNC3v4JvptojA4,55.0
rUvPiWRj1vRQX1xRuUxRoKHkrLMXP2yvaG,55.0
rB8JR8PMvEt7Vex28ULioGPcB2mvQCFccy,54.0
rBFvw2D2gyqwrNQAHthoAjvw6AQcyEoGbu,52.0
rh4ScEwUuB8VFkr3ZCJAsaXYG85cfsZmPt,51.0
rpJjccBKYFxg4iGn24ckqGA9hRzEQqvWBS,50.0
rMm9S3axKnLX9XrZVaZbVbEv63HvLbHuUe,49.0
rMBKb3pbqEyCqPtTzYF1jqFbtE2GNU4SD1,48.0
r97rutLotJ6anhZ95sFZhAU1VL2ayqw6uW,48.0
rMbXbSQVguMpLsc8Q5N79nLaUbk3WH2CUb,48.0
r9gvYXx12LVmxLRpF9K8fA1RUxYKJKd2Gb,47.0
rPXFqPV6EdcVbBJF1kpnEbFZtR8WqPWMWM,46.0
rMUZxK3ZKx9TGJxGhFavbumeerWieg1xwr,45.0
r4zocJrtRWS7hAQWTGU3oHJtDCGAPJEehp,44.0
rJR2eNXczUDP4ZPP5Z3afRvSmyb7poGPz9,42.0
rpZv8YEPFmdcrDjgfyyj9uBgoCqxxzHx1J,40.0
rwok7XM3oPS2yS3nwQrjxw9ap97v6QHarA,40.0
rwAzngCd59QjAWFH1WZPorCD3G96oqpw7J,39.0
rPEHREbdKihy5DfQinYgsDdQZf6jvgPhct,39.0
rU59d1r8UipMuACiUsvnRqVQmm3E86cyLu,39.0
r3t5F66ysLsKhB5TZx3nz2PZsWe7idNeLM,38.0
rsmczm8ncHnykZTBc7eHhACSya2rgM8ay4,36.0
rEkmqaEu4qDB54Nc6kr5Ni7kLqJqVw48WJ,35.0
r92yJudYBzXkzdLVJYfu8aVbY1qC1b3j9g,32.0
rPzzi5TnYgKc6pyjoHBFAvLHpxTVZ8A5TD,31.0
rKJepTKbzxNjQmutYuoh4YEDidjH4WgWVY,30.0
rJAUriTzS8Df35GmuUUYbkLLEEnKtfirAC,29.0
rwHrd99W3aBFckanDzyFWotQskcVzMF41B,29.0
rfES9LEmTpSQBtfrRDtx3gfY5R1FNorUFb,28.0
rHq5qSLd8gNTk8Vvw5UpnFwtA7j8hNJsyB,24.0
r9PAzgsu79AWJhcuZaR4SDRUym7ZThk97k,22.0
r9kcUWEGNrDNWgvMRgDK6Q1wHecHPez4jX,22.0
rpZYE8fsYV52JM79nK3Y4Mw5vR3mf9knwx,20.0
rDF6caKinL9bJgFsQYAn356heSHxE5WLRy,20.0
rQU9qv62keHsEd8E2q5HzHjxXF5bi3GzA9,20.0
rGjWCWbQuhFxbRya3LpCHNyCeBrwNVfyKb,19.0
r4zV6taefsZ5BeuZfiyVATP2adzbC6zkDM,19.0
rPDUQ8e1TW2r8XjQKiDmg3Lz6UM9Br4x68,19.0
rawQ8tEPb7EvAgQHDMRQGVEuq8r4QnjY8C,19.0
rBMoq4hhecj6n4j3vQuVUMwbndTjHsyrhg,19.0
rnATpuCF5nPsmRgZEbMRoZa86qa4phDHd3,18.0
rUHtAtm8DtfVReAcwAxXfdvmropfUt1mwb,17.0
rPrv3arftX7r2uCRLdabDKU5z7QsCh7KUs,17.0
rfCr2EBLfXbHJTMQQKj1K2CJ5Fydj2cUmA,17.0
rawboDjHz9BnHpHYPXZBEGKiKF3xVraLqQ,17.0
rLs8EGtMgEZJSPgcYZCRpwYkkLQswM2C15,16.0
r4pc13gFTiFayTkPteJ2xS9vGMUg1Z5h34,15.0
r9256Pn72i7cAQMxxq9caxRvACzGWgHf12,14.0
rn4mfJoseHkXc3e3HpDvWRmNSW1z9v8ZmK,12.0
rswFWkX4K3NKJbdWd4MX9trz1cXrzEf4CR,12.0
r9AC4pxfyrFpMgK9W4qodbnhrNoge78TMX,10.0
rM24yNYBVk95QH2uiiKJu6uWJagkC75fje,10.0
rJ5JvDZ3kFqnxJcy9fq24L3wu6ea1JQy3A,10.0
rMpvJac62RE63fEWA1F16fD9H8RiAQS5fx,10.0
rBweMrpzaAGQXzWZN5NNC4ZPhF4PCXYubp,10.0
rnbKxkPHNQfC9n7n7UxuPFt4yuwuL8wGeM,10.0
ravVkEXr4wR267KV5oCLDNig5TfLJL4iXd,10.0
rfY8Z93FrMS4Xep1akZ3EM1TXTRcyMw7Fh,10.0
rLRa7ub1nvRFaavY8KNonbjXyZFPDVaJos,10.0
r9k5T2cQvtgEijgXwdyLF4VqjwPD2kyhNz,9.0
rDXyG4DdkjPrZftV51Qm14z1JPaSMeBkLH,9.0
rKUdobCG1g52662QvnYf4mgZvtTVGXZF3Y,9.0
rBNJTvUGej1iiHTSnVCbiAt8NGwmsaSpcm,8.0
r39M8A5et6c3U9kEdWWuss84nYRpPRWVNE,5.1
rsAdeAhRFWeRqzFYZFFrwYkd7E5kmEj5Zz,4.0
rxikeaYaKvP4LHUR41dBoigTH3stgk3uy,3.0
rMnjauLHUh6rzNiYhb4Q1Y8HDQH5qRDSYC,2.0
r327vMGtS1vAu163cTqusgB3Do7o1eHJag,1.0
rpGPpARdpr6A3NwccEzNrAdZ1u1mQ6gZzj,1.0
rfajiu1HrcaYTqhD1SJEYgCFgrv3Qaeb7d,1.0
r3BpPQkPmyVcE5d46BBsQKzAEHjRgLzbP6,1.0
rDxKbZzm8XcxHHBAJGHxKfSrf2xQfZQEYd,1.0
rJ7X8ZJbodutfx1UjDmVQuAKHE3RySUthY,1.0
rLiN9YyZZK6esPA96np7qnSA2PiuVVt4de,1.0
rKFLCbhh8vT7USNgRhJfvtiUat3XfQYE1P,1.0
rs6ocLcSykBG2khMN56YtA3Wwb5gQSGNkH,1.0
rNC2hS269hTvMZwNakwHPkw4VeZNwzpS2E,0.95
rw6oB47acLDyHCyG98wqe3hxp9sHUdkcJb,0.9
